Title,Company,Link
Senior Software Engineer Python Asset Pricing Hedging,Bitpanda,https://web3.career/senior-software-engineer-python-asset-pricing-hedging-bitpanda/101436
Python Engineer Asset Pricing Hedging,Bitpanda,https://web3.career/senior-software-engineer-python-asset-pricing-hedging-bitpanda/101436
Backend Engineer Python Web3,Bitpanda,https://web3.career/python-engineer-asset-pricing-hedging-bitpanda/103283
Blockchain Security Junior Engineer,zeroShadow,https://web3.career/python-engineer-asset-pricing-hedging-bitpanda/103283
Senior Developer Blockchain,Lemon.io,https://web3.career/backend-engineer-python-web3-bitpanda/104560
Senior Solana Python Engineer,X.place,https://web3.career/backend-engineer-python-web3-bitpanda/104560
FullStack Developer,Sherlock,https://web3.career/blockchain-security-junior-engineer-zeroshadow/106235
Software Engineer Python,CoW DAO,https://web3.career/blockchain-security-junior-engineer-zeroshadow/106235
Full Stack Python Developer Cloud IoT Blockchain Agile Expertise,Synechron,https://web3.career/remote-jobs
Python Soft. Engineer JuniorMid AI Agents Crypto,Almanak,https://web3.career/senior-developer-blockchain-lemon-io/105730
Principal Software Engineer RUST Python,Fmr,https://web3.career/senior-developer-blockchain-lemon-io/105730
Senior Python Engineer,Jimmy Technologies,https://web3.career/web3-jobs-indonesia
Staff Software Development Engineer Python Automation,Zscaler,https://web3.career/senior-solana-python-engineer-x-place/105452
Site Reliability Engineer I,Valigator,https://web3.career/senior-solana-python-engineer-x-place/105452
Python Engineer,Wallet,https://web3.career/remote-jobs
Sr. Backend Engineer â€“ Django,CampfireFM,https://berlinstartupjobs.com/engineering/sr-backend-engineer-django-campfirefm/
Founding Backend/Platform Engineer (Remote),MobileBoost,https://berlinstartupjobs.com/engineering/founding-backend-platform-engineer-remote-mobileboost/
Python/AI Senior engineers,Intermezzo,https://berlinstartupjobs.com/engineering/python-ai-senior-engineers-intermezzo-inc/
(Senior) Backend Developer (Golang),DATATRONiQ,https://berlinstartupjobs.com/engineering/senior-backend-developer-golang-m-f-d-datatroniq/
AI & Automation Engineer (m/f/x),Tracks & Fields,https://berlinstartupjobs.com/engineering/ai-automation-engineer-m-f-x-tracks-fields/
Principal Software Engineer- Medical Imaging (m/f/d),DeepSpin,https://berlinstartupjobs.com/engineering/principal-software-engineer-medical-imaging-m-f-d-deepspin-gmbh/
